{"cameraMode":{"drawMode":0,"name":"Shaded","section":"Shading Mode"},"sceneLighting":true,"audioPlay":false,"sceneViewState":{"showFog":true,"showMaterialUpdate":false,"showSkybox":true,"showFlares":true,"showImageEffects":true,"showParticleSystems":true},"in2DMode":false,"pivot":{"x":4.243169784545898,"y":-1.4950590133666993,"z":17.369829177856447},"rotation":{"x":-0.4907650649547577,"y":0.5090562701225281,"z":-0.4904741048812866,"w":-0.509358823299408},"size":7.413684844970703,"orthographic":false}