{"cameraMode":{"drawMode":0,"name":"Shaded","section":"Shading Mode"},"sceneLighting":false,"audioPlay":false,"sceneViewState":{"showFog":true,"showMaterialUpdate":false,"showSkybox":false,"showFlares":true,"showImageEffects":true,"showParticleSystems":true},"in2DMode":false,"pivot":{"x":-2.765120506286621,"y":0.08220493793487549,"z":-5.2689666748046879},"rotation":{"x":-0.12061266601085663,"y":0.37748807668685915,"z":-0.049662597477436069,"w":-0.9167819619178772},"size":3.0466251373291017,"orthographic":false}