{"cameraMode":{"drawMode":0,"name":"Shaded","section":"Shading Mode"},"sceneLighting":false,"audioPlay":false,"sceneViewState":{"showFog":true,"showMaterialUpdate":false,"showSkybox":false,"showFlares":true,"showImageEffects":true,"showParticleSystems":true},"in2DMode":false,"pivot":{"x":3.8979432582855226,"y":0.6653828620910645,"z":-2.9158132076263429},"rotation":{"x":-0.15187011659145356,"y":0.6245133280754089,"z":-0.12549641728401185,"w":-0.7557575702667236},"size":0.9598166346549988,"orthographic":false}